elapsed_s,adapter,phc_ns,delta_ns
0,0,808435488249,0
0,1,808424143764,0
0,2,808403682349,0
0,3,808388000938,0
0,4,808373195979,0
0,5,528940110209,0
10,0,818745079930,0
10,1,818725886629,0
10,2,818705262312,0
10,3,818689174472,0
10,4,818675013362,0
10,5,539241437745,0
20,0,829035791176,0
20,1,829027024255,0
20,2,829004637511,0
20,3,828988792032,0
20,4,828974846452,0
20,5,549539613249,0
30,0,839349027977,0
30,1,839329925525,0
30,2,839309685292,0
30,3,839293068568,0
30,4,839279202354,0
30,5,559845690689,0
40,0,849644733432,0
40,1,849633815612,0
40,2,849612759801,0
40,3,849596593892,0
40,4,849582260374,0
40,5,570148524154,0
50,0,859953879534,0
50,1,859933973551,0
50,2,859913070484,0
50,3,859897064085,0
50,4,859883201593,0
50,5,580449010395,0
60,0,870257851991,0
60,1,870238688236,0
60,2,870216290946,0
60,3,870200512902,0
60,4,870186499056,0
60,5,590751260741,0
70,0,880558731558,0
70,1,880539375467,0
70,2,880518572919,0
70,3,880502835177,0
70,4,880488830870,0
70,5,601055063129,0
80,0,890862164486,0
80,1,890843144469,0
80,2,890822052381,0
80,3,890806040764,0
80,4,890792054836,0
80,5,611358422165,0
90,0,901154882706,0
90,1,901136545346,0
90,2,901115474680,0
90,3,901099425712,0
90,4,901085312902,0
90,5,621651598942,0
100,0,911452512146,0
100,1,911435466258,0
100,2,911414185260,0
100,3,911398155040,0
100,4,911384014193,0
100,5,631950026852,0
110,0,921755700849,0
110,1,921737159493,0
110,2,921714394594,0
110,3,921698688552,0
110,4,921684772425,0
110,5,642249225875,0
120,0,932053963419,0
120,1,932033771902,0
120,2,932011300726,0
120,3,931995527076,0
120,4,931980333290,0
120,5,652547780515,0
130,0,942349970403,0
130,1,942330692335,0
130,2,942307705128,0
130,3,942291962334,0
130,4,942278191158,0
130,5,662842570393,0
140,0,952653481090,0
140,1,952632721275,0
140,2,952611235669,0
140,3,952595259309,0
140,4,952581442936,0
140,5,673147426563,0
150,0,962950182172,0
150,1,962940500017,0
150,2,962919250947,0
150,3,962903602486,0
150,4,962889897337,0
150,5,683456027411,0
160,0,973261246963,0
160,1,973243765220,0
160,2,973220917398,0
160,3,973205022057,0
160,4,973191210625,0
160,5,693755630729,0
170,0,983567927284,0
170,1,983549804743,0
170,2,983528200120,0
170,3,983512396523,0
170,4,983498651967,0
170,5,704064494385,0
180,0,993867916425,0
180,1,993858259177,0
180,2,993836775079,0
180,3,993821118595,0
180,4,993807883489,0
180,5,714373023291,0
190,0,1004162648491,0
190,1,1004152737064,0
190,2,1004130815971,0
190,3,1004114853780,0
190,4,1004101166911,0
190,5,724666976194,0
200,0,1014468398559,0
200,1,1014447318045,0
200,2,1014426073139,0
200,3,1014409521644,0
200,4,1014396204947,0
200,5,734962108496,0
210,0,1024760187138,0
210,1,1024750675388,0
210,2,1024729091700,0
210,3,1024713465136,0
210,4,1024699802200,0
210,5,745265729359,0
220,0,1035066631594,0
220,1,1035057099456,0
220,2,1035035159200,0
220,3,1035019440418,0
220,4,1035005671462,0
220,5,755571410831,0
230,0,1045368666187,0
230,1,1045359115959,0
230,2,1045337142799,0
230,3,1045321473014,0
230,4,1045307785756,0
230,5,765873507978,0
240,0,1055673425363,0
240,1,1055664003499,0
240,2,1055642128750,0
240,3,1055626536592,0
240,4,1055613080667,0
240,5,776178896557,0
250,0,1065981233135,0
250,1,1065971799309,0
250,2,1065949781643,0
250,3,1065933937771,0
250,4,1065920857209,0
250,5,786485717864,0
260,0,1076275560162,0
260,1,1076266146710,0
260,2,1076243785402,0
260,3,1076227912518,0
260,4,1076214117001,0
260,5,796779621381,0
270,0,1086572498507,0
270,1,1086563251673,0
270,2,1086541130979,0
270,3,1086525440114,0
270,4,1086511815088,0
270,5,807077319718,0
280,0,1096875313362,0
280,1,1096866682940,0
280,2,1096843535426,0
280,3,1096827680665,0
280,4,1096813154364,0
280,5,817379307573,0
290,0,1107174703574,0
290,1,1107165489882,0
290,2,1107143308425,0
290,3,1107127483650,0
290,4,1107114069977,0
290,5,827679884148,0
300,0,1117481638905,0
300,1,1117472597574,0
300,2,1117450328701,0
300,3,1117434865165,0
300,4,1117421565878,0
300,5,837987237336,0
310,0,1127786146221,0
310,1,1127777155601,0
310,2,1127754752540,0
310,3,1127739041492,0
310,4,1127725538229,0
310,5,848290975805,0
320,0,1138094292551,0
320,1,1138075082137,0
320,2,1138050811731,0
320,3,1138035208532,0
320,4,1138021785848,0
320,5,858585277009,0
330,0,1148379511674,0
330,1,1148370762815,0
330,2,1148348253097,0
330,3,1148332688607,0
330,4,1148319320605,0
330,5,868884752687,0
340,0,1158673444234,0
340,1,1158664650752,0
340,2,1158642097694,0
340,3,1158626516979,0
340,4,1158613056200,0
340,5,879178355227,0
350,0,1168979980540,0
350,1,1168971010717,0
350,2,1168949557943,0
350,3,1168932587430,0
350,4,1168919129220,0
350,5,889483238789,0
360,0,1179277791972,0
360,1,1179270331872,0
360,2,1179246148955,0
360,3,1179230555645,0
360,4,1179215771878,0
360,5,899782510175,0
370,0,1189584964393,0
370,1,1189576142420,0
370,2,1189553241549,0
370,3,1189537569412,0
370,4,1189524181952,0
370,5,910089411659,0
380,0,1199885049106,0
380,1,1199877934487,0
380,2,1199853626605,0
380,3,1199838035416,0
380,4,1199823258236,0
380,5,920389907570,0
390,0,1210180922963,0
390,1,1210173808252,0
390,2,1210149270868,0
390,3,1210133582507,0
390,4,1210120120272,0
390,5,930683774466,0
400,0,1220479524888,0
400,1,1220471245291,0
400,2,1220448206905,0
400,3,1220432659595,0
400,4,1220419340500,0
400,5,940984375204,0
410,0,1230775881715,0
410,1,1230767486631,0
410,2,1230744382997,0
410,3,1230728772691,0
410,4,1230715473358,0
410,5,951280564978,0
420,0,1241074588289,0
420,1,1241067712679,0
420,2,1241043094156,0
420,3,1241027555535,0
420,4,1241012832004,0
420,5,961579365312,0
430,0,1251371345043,0
430,1,1251363213453,0
430,2,1251340044582,0
430,3,1251324521080,0
430,4,1251311237023,0
430,5,971876265877,0
440,0,1261665500267,0
440,1,1261658275117,0
440,2,1261633693768,0
440,3,1261617993029,0
440,4,1261604559640,0
440,5,982168258946,0
450,0,1271964998106,0
450,1,1271956772328,0
450,2,1271933203530,0
450,3,1271917686793,0
450,4,1271904523163,0
450,5,992469459133,0
460,0,1282262567928,0
460,1,1282256166993,0
460,2,1282231132160,0
460,3,1282215655436,0
460,4,1282202371148,0
460,5,1002765395947,0
470,0,1292564218503,0
470,1,1292555982020,0
470,2,1292532492556,0
470,3,1292516932914,0
470,4,1292503615525,0
470,5,1013068393626,0
480,0,1302867438351,0
480,1,1302859534346,0
480,2,1302836020712,0
480,3,1302820515536,0
480,4,1302807371424,0
480,5,1023372046609,0
490,0,1313162287464,0
490,1,1313154248395,0
490,2,1313130690388,0
490,3,1313115117275,0
490,4,1313102011509,0
490,5,1033666726482,0
500,0,1323455959897,0
500,1,1323447789217,0
500,2,1323423835960,0
500,3,1323408593414,0
500,4,1323394488713,0
500,5,1043959147547,0
510,0,1333764640118,0
510,1,1333748996979,0
510,2,1333725007188,0
510,3,1333709427355,0
510,4,1333696162416,0
510,5,1054260661543,0
520,0,1344060389399,0
520,1,1344052586202,0
520,2,1344028695566,0
520,3,1344013196246,0
520,4,1343999990501,0
520,5,1064564603210,0
530,0,1354370721811,0
530,1,1354355030564,0
530,2,1354330988830,0
530,3,1354315362635,0
530,4,1354302178734,0
530,5,1074866763907,0
540,0,1364679259702,0
540,1,1364664327585,0
540,2,1364640122863,0
540,3,1364624234960,0
540,4,1364610798699,0
540,5,1085175107270,0
550,0,1374976272762,0
550,1,1374968477134,0
550,2,1374944336351,0
550,3,1374928573511,0
550,4,1374915468213,0
550,5,1095479924278,0
560,0,1385294385189,0
560,1,1385276498579,0
560,2,1385252415969,0
560,3,1385236867790,0
560,4,1385223779817,0
560,5,1105788092116,0
570,0,1395600257271,0
570,1,1395583893579,0
570,2,1395558419537,0
570,3,1395542924367,0
570,4,1395528614551,0
570,5,1116094077002,0
580,0,1405907618977,0
580,1,1405890290684,0
580,2,1405866046997,0
580,3,1405850521320,0
580,4,1405837478959,0
580,5,1126401851534,0
590,0,1416209873085,0
590,1,1416194501688,0
590,2,1416168850219,0
590,3,1416153396847,0
590,4,1416140703037,0
590,5,1136704931912,0
600,0,1426506166658,0
600,1,1426487954941,0
600,2,1426463875099,0
600,3,1426447668848,0
600,4,1426434904314,0
600,5,1146999202549,0
610,0,1436798947671,0
610,1,1436781989345,0
610,2,1436757660396,0
610,3,1436742158118,0
610,4,1436729311280,0
610,5,1157293504991,0
620,0,1447096063852,0
620,1,1447080359450,0
620,2,1447054224854,0
620,3,1447038797146,0
620,4,1447025856694,0
620,5,1167588207888,0
630,0,1457388569948,0
630,1,1457374504595,0
630,2,1457349151646,0
630,3,1457332739311,0
630,4,1457319693294,0
630,5,1177882780042,0
640,0,1467683794015,0
640,1,1467667295272,0
640,2,1467642649984,0
640,3,1467627013948,0
640,4,1467613863545,0
640,5,1188177826792,0
650,0,1477987938300,0
650,1,1477972420779,0
650,2,1477947646455,0
650,3,1477932129771,0
650,4,1477919122330,0
650,5,1198483079036,0
660,0,1488281784367,0
660,1,1488266673591,0
660,2,1488241694251,0
660,3,1488226093036,0
660,4,1488213110660,0
660,5,1208777009640,0
670,0,1498590828916,0
670,1,1498575027210,0
670,2,1498550020203,0
670,3,1498534407453,0
670,4,1498521611299,0
670,5,1219085685981,0
680,0,1508900225356,0
680,1,1508884617909,0
680,2,1508859621501,0
680,3,1508844007440,0
680,4,1508831056895,0
680,5,1229394767545,0
690,0,1519199589916,0
690,1,1519184211589,0
690,2,1519159067364,0
690,3,1519143527255,0
690,4,1519130653072,0
690,5,1239694649876,0
700,0,1529489530426,0
700,1,1529482864950,0
700,2,1529457814873,0
700,3,1529442383892,0
700,4,1529429647059,0
700,5,1249993525301,0
710,0,1539795703780,0
710,1,1539780765623,0
710,2,1539755515425,0
710,3,1539739853730,0
710,4,1539727091910,0
710,5,1260290774056,0
720,0,1550104253324,0
720,1,1550089106666,0
720,2,1550062285811,0
720,3,1550046943899,0
720,4,1550032858447,0
720,5,1270597637497,0
730,0,1560403288180,0
730,1,1560396547752,0
730,2,1560371036603,0
730,3,1560355404703,0
730,4,1560342414436,0
730,5,1280905991524,0
740,0,1570721612692,0
740,1,1570705084233,0
740,2,1570678791748,0
740,3,1570663913412,0
740,4,1570651243014,0
740,5,1291214902426,0
750,0,1581022968502,0
750,1,1581005926403,0
750,2,1580980523105,0
750,3,1580964965999,0
750,4,1580953182048,0
750,5,1301515598353,0
760,0,1591327619960,0
760,1,1591311755310,0
760,2,1591286148280,0
760,3,1591270716522,0
760,4,1591257415911,0
760,5,1311821191638,0
770,0,1601617895041,0
770,1,1601611359069,0
770,2,1601585718483,0
770,3,1601570208563,0
770,4,1601557492857,0
770,5,1322120992805,0
780,0,1611927470905,0
780,1,1611921077816,0
780,2,1611895492387,0
780,3,1611879508576,0
780,4,1611866995929,0
780,5,1332429992256,0
790,0,1622245242811,0
790,1,1622228940877,0
790,2,1622203121598,0
790,3,1622187485179,0
790,4,1622174624580,0
790,5,1342738012185,0
800,0,1632541070754,0
800,1,1632525351411,0
800,2,1632497853519,0
800,3,1632482537338,0
800,4,1632469997511,0
800,5,1353031574047,0
810,0,1642828764925,0
810,1,1642824027670,0
810,2,1642796746842,0
810,3,1642781302212,0
810,4,1642768544246,0
810,5,1363330579582,0
820,0,1653137835403,0
820,1,1653123276916,0
820,2,1653097224894,0
820,3,1653081603152,0
820,4,1653068898901,0
820,5,1373632037189,0
830,0,1663434726759,0
830,1,1663428701706,0
830,2,1663402738168,0
830,3,1663387678886,0
830,4,1663374273264,0
830,5,1383938016014,0
840,0,1673744160603,0
840,1,1673727136665,0
840,2,1673701165689,0
840,3,1673685568084,0
840,4,1673672818385,0
840,5,1394235885199,0
850,0,1684045172229,0
850,1,1684030604816,0
850,2,1684002918969,0
850,3,1683987590661,0
850,4,1683975013298,0
850,5,1404536578748,0
860,0,1694347148516,0
860,1,1694333356399,0
860,2,1694305877966,0
860,3,1694290472030,0
860,4,1694277872547,0
860,5,1414839599714,0
870,0,1704649163886,0
870,1,1704633025994,0
870,2,1704606825476,0
870,3,1704591625473,0
870,4,1704579153213,0
870,5,1425142205607,0
880,0,1714952742951,0
880,1,1714937248130,0
880,2,1714909238033,0
880,3,1714894025026,0
880,4,1714881626876,0
880,5,1435442854730,0
890,0,1725250213790,0
890,1,1725235158599,0
890,2,1725207158179,0
890,3,1725191873493,0
890,4,1725179415614,0
890,5,1445740798808,0
900,0,1735550542312,0
900,1,1735537565543,0
900,2,1735509317651,0
900,3,1735494023150,0
900,4,1735481567504,0
900,5,1456042626751,0
910,0,1745846766223,0
910,1,1745833314278,0
910,2,1745806535780,0
910,3,1745790903109,0
910,4,1745778193594,0
910,5,1466340901132,0
920,0,1756148591682,0
920,1,1756134513556,0
920,2,1756108068398,0
920,3,1756092822829,0
920,4,1756080504375,0
920,5,1476643349848,0
930,0,1766448155007,0
930,1,1766431916694,0
930,2,1766405353819,0
930,3,1766389997876,0
930,4,1766377547421,0
930,5,1486940394667,0
940,0,1776755710280,0
940,1,1776741389332,0
940,2,1776713090301,0
940,3,1776697929354,0
940,4,1776685607442,0
940,5,1497246627809,0
950,0,1787052564028,0
950,1,1787039102847,0
950,2,1787012116165,0
950,3,1786996778305,0
950,4,1786983847713,0
950,5,1507546654110,0
960,0,1797347258782,0
960,1,1797335011803,0
960,2,1797308143307,0
960,3,1797292635792,0
960,4,1797280053614,0
960,5,1517842573671,0
970,0,1807657733603,0
970,1,1807643354770,0
970,2,1807616484456,0
970,3,1807601099126,0
970,4,1807588884622,0
970,5,1528151671171,0
980,0,1817964832612,0
980,1,1817950889194,0
980,2,1817924047746,0
980,3,1817908811649,0
980,4,1817896584695,0
980,5,1538459397410,0
990,0,1828260864873,0
990,1,1828255794356,0
990,2,1828228740323,0
990,3,1828213520681,0
990,4,1828201344807,0
990,5,1548763964731,0
1000,0,1838567215641,0
1000,1,1838562123346,0
1000,2,1838534890924,0
1000,3,1838519574433,0
1000,4,1838507570255,0
1000,5,1559069552918,0
1010,0,1848870753232,0
1010,1,1848865641800,0
1010,2,1848838427387,0
1010,3,1848822957553,0
1010,4,1848810692516,0
1010,5,1569373259234,0
1020,0,1859164237888,0
1020,1,1859159201198,0
1020,2,1859131894514,0
1020,3,1859116647897,0
1020,4,1859104350543,0
1020,5,1579666752718,0
1030,0,1869457982079,0
1030,1,1869453151248,0
1030,2,1869425806403,0
1030,3,1869410467851,0
1030,4,1869398283611,0
1030,5,1589960646241,0
1040,0,1879773284622,0
1040,1,1879760372081,0
1040,2,1879732958851,0
1040,3,1879717723176,0
1040,4,1879705417324,0
1040,5,1600267747273,0
1050,0,1890064065399,0
1050,1,1890059090928,0
1050,2,1890031547858,0
1050,3,1890016100665,0
1050,4,1890003748720,0
1050,5,1610566035251,0
1060,0,1900375469657,0
1060,1,1900361426181,0
1060,2,1900334478588,0
1060,3,1900318400820,0
1060,4,1900306156989,0
1060,5,1620867633152,0
1070,0,1910677502339,0
1070,1,1910665292085,0
1070,2,1910637569934,0
1070,3,1910622165310,0
1070,4,1910609832534,0
1070,5,1631172030878,0
1080,0,1920977948139,0
1080,1,1920974893456,0
1080,2,1920945744940,0
1080,3,1920930515029,0
1080,4,1920918428475,0
1080,5,1641479169433,0
1090,0,1931291455818,0
1090,1,1931277127268,0
1090,2,1931249435736,0
1090,3,1931234068475,0
1090,4,1931222292495,0
1090,5,1651783939294,0
1100,0,1941597963725,0
1100,1,1941583396490,0
1100,2,1941554241004,0
1100,3,1941539108687,0
1100,4,1941525739876,0
1100,5,1662089397839,0
1110,0,1951890222408,0
1110,1,1951875638658,0
1110,2,1951847826766,0
1110,3,1951832421226,0
1110,4,1951820274791,0
1110,5,1672382326807,0
1120,0,1962181108698,0
1120,1,1962176944752,0
1120,2,1962149275888,0
1120,3,1962134166100,0
1120,4,1962122167746,0
1120,5,1682684413724,0
1130,0,1972488403910,0
1130,1,1972475251301,0
1130,2,1972446136632,0
1130,3,1972430924639,0
1130,4,1972417723420,0
1130,5,1692980907788,0
1140,0,1982772913625,0
1140,1,1982768606731,0
1140,2,1982740645750,0
1140,3,1982725534928,0
1140,4,1982713564011,0
1140,5,1703275669385,0
1150,0,1993086492120,0
1150,1,1993073758864,0
1150,2,1993044525344,0
1150,3,1993029335821,0
1150,4,1993016238197,0
1150,5,1713579276131,0
1160,0,2003372465300,0
1160,1,2003368306401,0
1160,2,2003340142717,0
1160,3,2003325030840,0
1160,4,2003312890973,0
1160,5,1723874726063,0
1170,0,2013676709202,0
1170,1,2013664412309,0
1170,2,2013634780910,0
1170,3,2013619630240,0
1170,4,2013607647307,0
1170,5,1734168036309,0
1180,0,2023968577952,0
1180,1,2023956538696,0
1180,2,2023928281693,0
1180,3,2023913031894,0
1180,4,2023901014970,0
1180,5,1744462694641,0
1190,0,2034280260781,0
1190,1,2034265806146,0
1190,2,2034237441359,0
1190,3,2034222438189,0
1190,4,2034210579707,0
1190,5,1754772390272,0
1200,0,2044572526480,0
1200,1,2044561196336,0
1200,2,2044531182085,0
1200,3,2044516284138,0
1200,4,2044504385004,0
1200,5,1765065173610,0
1210,0,2054867666622,0
1210,1,2054863585382,0
1210,2,2054834879323,0
1210,3,2054819507754,0
1210,4,2054807385752,0
1210,5,1775368912679,0
1220,0,2065180351239,0
1220,1,2065167652430,0
1220,2,2065137767504,0
1220,3,2065122643639,0
1220,4,2065109700907,0
1220,5,1785672139912,0
1230,0,2075473750449,0
1230,1,2075478242327,0
1230,2,2075441039624,0
1230,3,2075425877505,0
1230,4,2075414008088,0
1230,5,1795975569862,0
1240,0,2085792020186,0
1240,1,2085778961159,0
1240,2,2085750318234,0
1240,3,2085734852339,0
1240,4,2085723023323,0
1240,5,1806284573898,0
1250,0,2096088276546,0
1250,1,2096077182011,0
1250,2,2096048200903,0
1250,3,2096032845099,0
1250,4,2096020934061,0
1250,5,1816582448478,0
1260,0,2106385534200,0
1260,1,2106374187100,0
1260,2,2106345259819,0
1260,3,2106330295345,0
1260,4,2106317834403,0
1260,5,1826879763160,0
1270,0,2116674682595,0
1270,1,2116671119977,0
1270,2,2116642347265,0
1270,3,2116627108704,0
1270,4,2116615356354,0
1270,5,1837176891903,0
1280,0,2126972492374,0
1280,1,2126969097091,0
1280,2,2126940091623,0
1280,3,2126924782497,0
1280,4,2126913056681,0
1280,5,1847474385099,0
1290,0,2137286578969,0
1290,1,2137269845178,0
1290,2,2137240750759,0
1290,3,2137225678658,0
1290,4,2137213961906,0
1290,5,1857775424275,0
1300,0,2147579493273,0
1300,1,2147566896221,0
1300,2,2147536964531,0
1300,3,2147520626570,0
1300,4,2147509048452,0
1300,5,1868069144540,0
1310,0,2157873873646,0
1310,1,2157861504574,0
1310,2,2157831122667,0
1310,3,2157815219771,0
1310,4,2157803869659,0
1310,5,1878365851894,0
1320,0,2168177183861,0
1320,1,2168163761883,0
1320,2,2168134574258,0
1320,3,2168119480220,0
1320,4,2168107883532,0
1320,5,1888669111188,0
1331,0,2178478040339,0
1331,1,2178466912418,0
1331,2,2178437567984,0
1331,3,2178422442274,0
1331,4,2178410765317,0
1331,5,1898971889549,0
1341,0,2188785543538,0
1341,1,2188775140479,0
1341,2,2188745559600,0
1341,3,2188730195785,0
1341,4,2188718455186,0
1341,5,1909279508129,0
1351,0,2199075325849,0
1351,1,2199081759715,0
1351,2,2199042594003,0
1351,3,2199027526593,0
1351,4,2199016125672,0
1351,5,1919576778075,0
1361,0,2209379612648,0
1361,1,2209367180073,0
1361,2,2209335970052,0
1361,3,2209321003180,0
1361,4,2209309522300,0
1361,5,1929868910897,0
1371,0,2219677001387,0
1371,1,2219665521206,0
1371,2,2219634476175,0
1371,3,2219619516833,0
1371,4,2219606656583,0
1371,5,1940168739125,0
1381,0,2229971100394,0
1381,1,2229969983799,0
1381,2,2229938753193,0
1381,3,2229923809864,0
1381,4,2229912345980,0
1381,5,1950471679835,0
1391,0,2240287478194,0
1391,1,2240274734273,0
1391,2,2240245106689,0
1391,3,2240230099560,0
1391,4,2240218568286,0
1391,5,1960779509616,0
1401,0,2250571414783,0
1401,1,2250568832503,0
1401,2,2250539250569,0
1401,3,2250524308097,0
1401,4,2250512912862,0
1401,5,1971073941516,0
1411,0,2260870951824,0
1411,1,2260869176434,0
1411,2,2260838185078,0
1411,3,2260822977196,0
1411,4,2260811388795,0
1411,5,1981371378679,0
1421,0,2271182846468,0
1421,1,2271172085227,0
1421,2,2271140711750,0
1421,3,2271125741743,0
1421,4,2271114307080,0
1421,5,1991673637800,0
1431,0,2281491411697,0
1431,1,2281477780171,0
1431,2,2281447812868,0
1431,3,2281432776353,0
1431,4,2281421422250,0
1431,5,2001982160764,0
1441,0,2291789723806,0
1441,1,2291789026802,0
1441,2,2291757263570,0
1441,3,2291742386182,0
1441,4,2291731053297,0
1441,5,2012290183151,0
1451,0,2302087583636,0
1451,1,2302084870746,0
1451,2,2302054544537,0
1451,3,2302039742293,0
1451,4,2302028205597,0
1451,5,2022588898888,0
1461,0,2312400692930,0
1461,1,2312391164671,0
1461,2,2312359803651,0
1461,3,2312344725806,0
1461,4,2312333249004,0
1461,5,2032892699241,0
1471,0,2322698369206,0
1471,1,2322685456771,0
1471,2,2322655209539,0
1471,3,2322640256158,0
1471,4,2322628895816,0
1471,5,2043189515328,0
1481,0,2332982838579,0
1481,1,2332981724679,0
1481,2,2332950030734,0
1481,3,2332935052228,0
1481,4,2332923694297,0
1481,5,2053482975775,0
1491,0,2343288883418,0
1491,1,2343288008585,0
1491,2,2343256380080,0
1491,3,2343241418998,0
1491,4,2343228917464,0
1491,5,2063790851656,0
1501,0,2353593589156,0
1501,1,2353591300066,0
1501,2,2353560635720,0
1501,3,2353545447666,0
1501,4,2353534298638,0
1501,5,2074094230257,0
1511,0,2363897977476,0
1511,1,2363895770584,0
1511,2,2363865088347,0
1511,3,2363850048150,0
1511,4,2363838963560,0
1511,5,2084398860225,0
1521,0,2374197244600,0
1521,1,2374195111193,0
1521,2,2374164688391,0
1521,3,2374149770853,0
1521,4,2374138620408,0
1521,5,2094699153030,0
1531,0,2384499593575,0
1531,1,2384496855217,0
1531,2,2384466613288,0
1531,3,2384451687298,0
1531,4,2384440489575,0
1531,5,2105000782136,0
1541,0,2394792350280,0
1541,1,2394790519449,0
1541,2,2394759885933,0
1541,3,2394745007261,0
1541,4,2394733854412,0
1541,5,2115294304901,0
1551,0,2405099369956,0
1551,1,2405097619823,0
1551,2,2405067382716,0
1551,3,2405051640113,0
1551,4,2405041016906,0
1551,5,2125601542921,0
1561,0,2415406687065,0
1561,1,2415406511752,0
1561,2,2415374092741,0
1561,3,2415359189418,0
1561,4,2415348000878,0
1561,5,2135906801469,0
1571,0,2425703945161,0
1571,1,2425702302950,0
1571,2,2425671415439,0
1571,3,2425656522743,0
1571,4,2425645274217,0
1571,5,2146205446964,0
1581,0,2436013072376,0
1581,1,2436012977912,0
1581,2,2435980490271,0
1581,3,2435965655175,0
1581,4,2435954511325,0
1581,5,2156513167248,0
1591,0,2446317719229,0
1591,1,2446317607222,0
1591,2,2446285187004,0
1591,3,2446270374471,0
1591,4,2446257919412,0
1591,5,2166819583918,0
1601,0,2456614385035,0
1601,1,2456612988235,0
1601,2,2456582033038,0
1601,3,2456567243521,0
1601,4,2456556248654,0
1601,5,2177116542341,0
1611,0,2466918070126,0
1611,1,2466916514402,0
1611,2,2466886427636,0
1611,3,2466870356942,0
1611,4,2466858508526,0
1611,5,2187420028865,0
1621,0,2477220622845,0
1621,1,2477219173365,0
1621,2,2477188065094,0
1621,3,2477173300906,0
1621,4,2477162341480,0
1621,5,2197722487166,0
1631,0,2487527169329,0
1631,1,2487525816737,0
1631,2,2487494544748,0
1631,3,2487479686767,0
1631,4,2487468730963,0
1631,5,2208028877861,0
1641,0,2497821363841,0
1641,1,2497819945138,0
1641,2,2497788637075,0
1641,3,2497773840634,0
1641,4,2497762930476,0
1641,5,2218323120100,0
1651,0,2508117752064,0
1651,1,2508116612650,0
1651,2,2508085231519,0
1651,3,2508070423985,0
1651,4,2508059534215,0
1651,5,2228619601680,0
1661,0,2518417632241,0
1661,1,2518418056871,0
1661,2,2518385156320,0
1661,3,2518370431868,0
1661,4,2518358056049,0
1661,5,2238919583193,0
1671,0,2528716384500,0
1671,1,2528715323794,0
1671,2,2528683765617,0
1671,3,2528668992173,0
1671,4,2528658190596,0
1671,5,2249218159085,0
1681,0,2539020740119,0
1681,1,2539019869627,0
1681,2,2538988034222,0
1681,3,2538973958164,0
1681,4,2538961815813,0
1681,5,2259521696629,0
1691,0,2549322798967,0
1691,1,2549321797575,0
1691,2,2549290099248,0
1691,3,2549275248442,0
1691,4,2549264451799,0
1691,5,2269824244427,0
1701,0,2559629586698,0
1701,1,2559628569127,0
1701,2,2559596845886,0
1701,3,2559582027569,0
1701,4,2559571205597,0
1701,5,2280131076973,0
1711,0,2569937108895,0
1711,1,2569938481032,0
1711,2,2569904675035,0
1711,3,2569889973277,0
1711,4,2569879269986,0
1711,5,2290437045331,0
1721,0,2580232022189,0
1721,1,2580231208205,0
1721,2,2580199432443,0
1721,3,2580184712233,0
1721,4,2580173926407,0
1721,5,2300733587279,0
1731,0,2590529912678,0
1731,1,2590529186782,0
1731,2,2590497065433,0
1731,3,2590482218559,0
1731,4,2590471299639,0
1731,5,2311030814446,0
1741,0,2600838298444,0
1741,1,2600839687537,0
1741,2,2600805773380,0
1741,3,2600791139968,0
1741,4,2600778830775,0
1741,5,2321339660270,0
1751,0,2611138895321,0
1751,1,2611139369720,0
1751,2,2611105925397,0
1751,3,2611091056672,0
1751,4,2611080202138,0
1751,5,2331638439722,0
1761,0,2621451979069,0
1761,1,2621443055121,0
1761,2,2621410905841,0
1761,3,2621396167470,0
1761,4,2621385399298,0
1761,5,2341944889415,0
1771,0,2631753600329,0
1771,1,2631742291522,0
1771,2,2631708218711,0
1771,3,2631693595509,0
1771,4,2631682909325,0
1771,5,2352240236239,0
1781,0,2642050932428,0
1781,1,2642040031308,0
1781,2,2642007720944,0
1781,3,2641992839334,0
1781,4,2641982103513,0
1781,5,2362541610093,0
1791,0,2652352770884,0
1791,1,2652345413134,0
1791,2,2652312268760,0
1791,3,2652296343327,0
1791,4,2652286551634,0
1791,5,2372845708279,0
1801,0,2662660811004,0
1801,1,2662648087709,0
1801,2,2662614084746,0
1801,3,2662599398179,0
1801,4,2662588793476,0
1801,5,2383146214400,0
1811,0,2672956104990,0
1811,1,2672947661238,0
1811,2,2672915023265,0
1811,3,2672900052908,0
1811,4,2672889365505,0
1811,5,2393448495708,0
1821,0,2683256059494,0
1821,1,2683247417873,0
1821,2,2683214886703,0
1821,3,2683200133832,0
1821,4,2683189484170,0
1821,5,2403748686334,0
1831,0,2693553637841,0
1831,1,2693544691271,0
1831,2,2693513150367,0
1831,3,2693497489798,0
1831,4,2693486846506,0
1831,5,2414044897313,0
1841,0,2703862473190,0
1841,1,2703853383580,0
1841,2,2703820742352,0
1841,3,2703806060620,0
1841,4,2703795453157,0
1841,5,2424354779667,0
1851,0,2714171339343,0
1851,1,2714159747629,0
1851,2,2714127078879,0
1851,3,2714112214666,0
1851,4,2714101576953,0
1851,5,2434660778736,0
1861,0,2724466833734,0
1861,1,2724460150841,0
1861,2,2724425907764,0
1861,3,2724411135611,0
1861,4,2724400586560,0
1861,5,2444958333177,0
1871,0,2734770039795,0
1871,1,2734761542441,0
1871,2,2734728739029,0
1871,3,2734714031645,0
1871,4,2734703558330,0
1871,5,2455262479313,0
1881,0,2745070475154,0
1881,1,2745061652107,0
1881,2,2745026941627,0
1881,3,2745012322581,0
1881,4,2745001870313,0
1881,5,2465559073020,0
1891,0,2755370812734,0
1891,1,2755362088849,0
1891,2,2755328975389,0
1891,3,2755314237281,0
1891,4,2755303639567,0
1891,5,2475862412254,0
1901,0,2765674105888,0
1901,1,2765666024561,0
1901,2,2765632980527,0
1901,3,2765618251088,0
1901,4,2765607765764,0
1901,5,2486166701043,0
1911,0,2775972030533,0
1911,1,2775962819482,0
1911,2,2775928294414,0
1911,3,2775913643333,0
1911,4,2775903129966,0
1911,5,2496460498191,0
1921,0,2786281188789,0
1921,1,2786269511918,0
1921,2,2786236325068,0
1921,3,2786221558633,0
1921,4,2786211043263,0
1921,5,2506769862813,0
1931,0,2796568854265,0
1931,1,2796561611836,0
1931,2,2796528166644,0
1931,3,2796513273308,0
1931,4,2796502773998,0
1931,5,2517061541941,0
1941,0,2806880018981,0
1941,1,2806868961026,0
1941,2,2806835633355,0
1941,3,2806820804741,0
1941,4,2806810418546,0
1941,5,2527369167326,0
1951,0,2817181440726,0
1951,1,2817174570359,0
1951,2,2817140907159,0
1951,3,2817126091391,0
1951,4,2817115644321,0
1951,5,2537674209540,0
1961,0,2827481361963,0
1961,1,2827472552302,0
1961,2,2827439102280,0
1961,3,2827424484612,0
1961,4,2827414124753,0
1961,5,2547972691132,0
1971,0,2837783721682,0
1971,1,2837774696655,0
1971,2,2837741190456,0
1971,3,2837726395623,0
1971,4,2837715922235,0
1971,5,2558274665106,0
1981,0,2848077928223,0
1981,1,2848069177862,0
1981,2,2848035583265,0
1981,3,2848020931348,0
1981,4,2848010682041,0
1981,5,2568569288814,0
1991,0,2858371967231,0
1991,1,2858365216506,0
1991,2,2858331285492,0
1991,3,2858316435791,0
1991,4,2858306102823,0
1991,5,2578864629472,0
2001,0,2868669759889,0
2001,1,2868659309802,0
2001,2,2868625525109,0
2001,3,2868611615675,0
2001,4,2868600257066,0
2001,5,2589158772240,0
2011,0,2878963344023,0
2011,1,2878953470428,0
2011,2,2878919381689,0
2011,3,2878904553662,0
2011,4,2878894149351,0
2011,5,2599452473349,0
2021,0,2889263788920,0
2021,1,2889255342494,0
2021,2,2889220648271,0
2021,3,2889205236499,0
2021,4,2889195746039,0
2021,5,2609754022983,0
2031,0,2899562685742,0
2031,1,2899552752154,0
2031,2,2899518833709,0
2031,3,2899504084501,0
2031,4,2899493987088,0
2031,5,2620052334973,0
2041,0,2909856407594,0
2041,1,2909849183354,0
2041,2,2909815145628,0
2041,3,2909800540364,0
2041,4,2909790335140,0
2041,5,2630348548066,0
2051,0,2920155487087,0
2051,1,2920147639142,0
2051,2,2920112202363,0
2051,3,2920097692921,0
2051,4,2920086191712,0
2051,5,2640645892504,0
2061,0,2930453704178,0
2061,1,2930445357690,0
2061,2,2930409597518,0
2061,3,2930395118299,0
2061,4,2930384946586,0
2061,5,2650941491985,0
2071,0,2940756857914,0
2071,1,2940748392845,0
2071,2,2940712319490,0
2071,3,2940697834309,0
2071,4,2940687794069,0
2071,5,2661244243818,0
2081,0,2951048894770,0
2081,1,2951050138075,0
2081,2,2951015722636,0
2081,3,2951001076167,0
2081,4,2950990967608,0
2081,5,2671549151885,0
2091,0,2961364853427,0
2091,1,2961358002823,0
2091,2,2961322899569,0
2091,3,2961308614714,0
2091,4,2961298283715,0
2091,5,2681856306032,0
2101,0,2971656552753,0
2101,1,2971657910325,0
2101,2,2971623240331,0
2101,3,2971608636404,0
2101,4,2971598437676,0
2101,5,2692156407629,0
2111,0,2981966620835,0
2111,1,2981957794415,0
2111,2,2981923259333,0
2111,3,2981908533419,0
2111,4,2981898343221,0
2111,5,2702456285856,0
2121,0,2992274837559,0
2121,1,2992267587264,0
2121,2,2992231553079,0
2121,3,2992217008571,0
2121,4,2992206886613,0
2121,5,2712763432718,0
2131,0,3002580519953,0
2131,1,3002574045034,0
2131,2,3002539417642,0
2131,3,3002524729454,0
2131,4,3002514631541,0
2131,5,2723072481133,0
2141,0,3012875378255,0
2141,1,3012869867640,0
2141,2,3012833889231,0
2141,3,3012819311364,0
2141,4,3012809158775,0
2141,5,2733365759838,0
2151,0,3023181858699,0
2151,1,3023175598335,0
2151,2,3023140705334,0
2151,3,3023126257821,0
2151,4,3023116189367,0
2151,5,2743673911044,0
2161,0,3033470670901,0
2161,1,3033472331452,0
2161,2,3033437345568,0
2161,3,3033422691517,0
2161,4,3033413002246,0
2161,5,2753970165158,0
2171,0,3043768544012,0
2171,1,3043770207086,0
2171,2,3043735150887,0
2171,3,3043720600424,0
2171,4,3043710514506,0
2171,5,2764268142739,0
2181,0,3054087353779,0
2181,1,3054079459464,0
2181,2,3054043256059,0
2181,3,3054028730549,0
2181,4,3054017735464,0
2181,5,2774576423382,0
2191,0,3064388060819,0
2191,1,3064383100307,0
2191,2,3064346426448,0
2191,3,3064332008750,0
2191,4,3064322086947,0
2191,5,2784878166570,0
2201,0,3074694186710,0
2201,1,3074686343659,0
2201,2,3074649832117,0
2201,3,3074635422067,0
2201,4,3074623987055,0
2201,5,2795183247644,0
2211,0,3084990845363,0
2211,1,3084982498032,0
2211,2,3084947203379,0
2211,3,3084932519242,0
2211,4,3084922759195,0
2211,5,2805480450056,0
2221,0,3095289862920,0
2221,1,3095283790233,0
2221,2,3095248587081,0
2221,3,3095234065458,0
2221,4,3095224151474,0
2221,5,2815781635250,0
2231,0,3105587195678,0
2231,1,3105589340891,0
2231,2,3105554068899,0
2231,3,3105539620509,0
2231,4,3105529887550,0
2231,5,2826087483280,0
2241,0,3115904325250,0
2241,1,3115896075092,0
2241,2,3115860608044,0
2241,3,3115846018102,0
2241,4,3115836248463,0
2241,5,2836393637023,0
2251,0,3126202692878,0
2251,1,3126204897767,0
2251,2,3126169263403,0
2251,3,3126154710977,0
2251,4,3126144750143,0
2251,5,2846702146812,0
2261,0,3136517499915,0
2261,1,3136510044420,0
2261,2,3136472999573,0
2261,3,3136458560610,0
2261,4,3136448787909,0
2261,5,2857004240159,0
2271,0,3146806781734,0
2271,1,3146809056885,0
2271,2,3146773233414,0
2271,3,3146758949883,0
2271,4,3146748508774,0
2271,5,2867306198567,0
2281,0,3157118605793,0
2281,1,3157113809987,0
2281,2,3157077943704,0
2281,3,3157063372194,0
2281,4,3157053483987,0
2281,5,2877610695310,0
2291,0,3167422221293,0
2291,1,3167417194754,0
2291,2,3167381377218,0
2291,3,3167366839192,0
2291,4,3167356949385,0
2291,5,2887914127454,0
2301,0,3177731109086,0
2301,1,3177723806039,0
2301,2,3177688309084,0
2301,3,3177673959631,0
2301,4,3177664349858,0
2301,5,2898221648051,0
2311,0,3188031868477,0
2311,1,3188023408533,0
2311,2,3187987423872,0
2311,3,3187972919060,0
2311,4,3187963254782,0
2311,5,2908520388703,0
2321,0,3198332381272,0
2321,1,3198326996129,0
2321,2,3198291091947,0
2321,3,3198276599329,0
2321,4,3198267300210,0
2321,5,2918823787968,0
2331,0,3208630389617,0
2331,1,3208632945370,0
2331,2,3208596863069,0
2331,3,3208582344509,0
2331,4,3208572627208,0
2331,5,2929129653001,0
2341,0,3218933851411,0
2341,1,3218930011242,0
2341,2,3218892771392,0
2341,3,3218878388699,0
2341,4,3218867665448,0
2341,5,2939425735715,0
2351,0,3229234655729,0
2351,1,3229228794020,0
2351,2,3229192525623,0
2351,3,3229178069414,0
2351,4,3229168436782,0
2351,5,2949725380106,0
2361,0,3239520737195,0
2361,1,3239524704952,0
2361,2,3239487248782,0
2361,3,3239472812461,0
2361,4,3239462154030,0
2361,5,2960019897169,0
2371,0,3249827520967,0
2371,1,3249822615243,0
2371,2,3249786345672,0
2371,3,3249771885359,0
2371,4,3249762259730,0
2371,5,2970319112707,0
2381,0,3260122218171,0
2381,1,3260118077750,0
2381,2,3260080202516,0
2381,3,3260065900033,0
2381,4,3260056454473,0
2381,5,2980611630325,0
2391,0,3270427064744,0
2391,1,3270423318907,0
2391,2,3270386637006,0
2391,3,3270371995128,0
2391,4,3270362354235,0
2391,5,2990918829669,0
2401,0,3280734984958,0
2401,1,3280728926039,0
2401,2,3280691304721,0
2401,3,3280676192370,0
2401,4,3280667014210,0
2401,5,3001222348399,0
2411,0,3291020336404,0
2411,1,3291023273995,0
2411,2,3290986410410,0
2411,3,3290971804961,0
2411,4,3290961875160,0
2411,5,3011518558739,0
2421,0,3301328023882,0
2421,1,3301331060990,0
2421,2,3301294158559,0
2421,3,3301280006211,0
2421,4,3301269828865,0
2421,5,3021826391485,0
2431,0,3311634550880,0
2431,1,3311637639258,0
2431,2,3311600632303,0
2431,3,3311585989957,0
2431,4,3311576303657,0
2431,5,3032132847482,0
2441,0,3321942523162,0
2441,1,3321945645867,0
2441,2,3321908767072,0
2441,3,3321894172539,0
2441,4,3321884695477,0
2441,5,3042440965974,0
2451,0,3332249599247,0
2451,1,3332252731570,0
2451,2,3332215592305,0
2451,3,3332200994419,0
2451,4,3332191512575,0
2451,5,3052747683778,0
